id,project_id,handrail_id,scorer,score,justification,ai,reviewed
4111,4,1,AI_MODEL_X,Unengaged,Unengaged - No justification: No Capability sponsor mentioned and no justification provided for the omission.,TRUE,FALSE
4112,4,2,AI_MODEL_X,Unclear,"Unclear: There is no clear acquisition delivery team in place, Capability Sponsor, or any engagement with delivery partners.",TRUE,FALSE
4113,4,3,AI_MODEL_X,Step change,"Step change: Addresses emerging technological opportunity (EDGE_COMPUTING_X) and capability requirement (SCALABLE_SYSTEM_CONTROL_X) with potential for export and dual-use, but lacks explicit link to END_USER_GROUP_X.",TRUE,FALSE
4114,4,4,AI_MODEL_X,Narrow,Narrow: Small group of specialist users across more than one operational area.,TRUE,FALSE
4115,4,5,AI_MODEL_X,Attractive,"Attractive - The response identifies key challenges (cognitive overload, interface limitations, regulatory barriers) and potential benefits (reduced operator workload, export potential, dual-use). However, the justification for economic benefits is somewhat vague and could be strengthened with more specific estimates or details.",TRUE,FALSE
4116,4,6,AI_MODEL_X,Attractive,"The submission addresses an urgent capability requirement (SCALABLE_INTERFACE_X) and highlights potential for international collaboration, aligning with the ‘Attractive’ criteria.",TRUE,FALSE
4117,4,7,AI_MODEL_X,Attractive,Seizes an emerging technological opportunity (EDGE_COMPUTING_X) and addresses a critical capability gap (SCALABLE_INTERFACE_X) while also having clear operational benefits.,TRUE,FALSE
4118,4,8,AI_MODEL_X,Attractive,"Attractive: Has clear carbon reductions. The project focuses on enhancing situational awareness and improving safety in aviation, which can lead to reduced fuel consumption and emissions through optimized flight paths and reduced pilot workload. It also addresses a critical need for scalable interfaces for uncrewed systems, contributing to future technological advancements and potentially reducing reliance on legacy systems.",TRUE,FALSE
4119,4,9,AI_MODEL_X,Attractive,Attractive - Seizes an emerging technological opportunity (EDGE_COMPUTING_X) and addresses a critical capability gap (SCALABLE_SYSTEM_CONTROL_X) with potential for export and international collaboration.,TRUE,FALSE
4120,4,10,AI_MODEL_X,Neutral,"Neutral - The project focuses on a specific, limited application (SPEECH_TRANSCRIPTION_X) and platform development rather than broader enabling benefits.",TRUE,FALSE
4121,4,11,AI_MODEL_X,Attractive,"The roadmap outlines a clear progression with milestones from Q3 2025 to 2028, indicating a commitment to delivery within a reasonable timeframe, scoring as Attractive.",TRUE,FALSE
4122,4,12,AI_MODEL_X,Attractive,The response highlights a time-sensitive element – the diminishing opportunity to collaborate with key individuals and the risk of siloed development – and the potential impacts of delay. This suggests a compelling reason for accelerated exploitation.,TRUE,FALSE
4123,4,13,AI_MODEL_X,Attractive,"Clearly identifies previous funding sources (INDUSTRY_PARTNER_X and TEAM_ABC123) and links to specific R&D projects (AI-enabled systems at the edge, digital capability pipelines).",TRUE,FALSE
4124,4,14,AI_MODEL_X,Attractive,"The submission highlights a clear need for support in navigating INTERNAL_PROCESS_X and securing approvals, indicating a focus on overcoming organisational barriers. The request for funding and resource is well-defined, aligning with the identified challenges, and the stated TRL progression demonstrates a realistic ambition for technology maturation.",TRUE,FALSE
4125,4,15,AI_MODEL_X,Very Attractive,"The response clearly outlines a strategy for engaging industry, specifically mentioning INDUSTRY_PARTNER_X and a broader approach using COMMERCIAL_ROUTE_X and DELIVERY_FRAMEWORK_X. This demonstrates an understanding of leveraging external expertise and addresses potential challenges related to rapid technological change and SME engagement, aligning with the criteria for a ‘Very Attractive’ score.",TRUE,FALSE
4126,4,16,AI_MODEL_X,Very Attractive,"The response demonstrates a clear strategy for engaging industry, specifically mentioning INDUSTRY_PARTNER_X and a broader approach using COMMERCIAL_ROUTE_X and DELIVERY_FRAMEWORK_X. It highlights a desire to leverage SMEs and an open architecture, showing an awareness of potential challenges and a proactive approach to overcoming them – aligning with the markscheme’s requirement to address inertia.",TRUE,FALSE
